{"chunk_definitions":[{"row":30,"row_count":1,"visible":true,"expansion_state":1,"options":{"engine":"r","label":"fig-preva","fig.align":"left","out.width":"100%","fig.cap":"Preva Learning Objectives Overview","fig.pos":"H","dev":"png"},"document_id":"EA7FA513","chunk_id":"c4pwoxg19bkd7","chunk_label":"fig-preva"},{"row":78,"row_count":1,"visible":true,"expansion_state":1,"options":{"engine":"r","label":"fig-dataflow","out.width":"80%","fig.cap":"Workflow of Data Processing","dev":"png"},"document_id":"EA7FA513","chunk_id":"caqy1v4h4m8ij","chunk_label":"fig-dataflow"},{"row":145,"row_count":1,"visible":true,"expansion_state":0,"options":{"engine":"r","label":"load-boxplot","fig.width":6,"fig.height":3.5,"fig.cap":"Boxplot comparing Balanced Accuracy and Macro F1\\ across models and datasets","dev":"png"},"document_id":"EA7FA513","chunk_id":"cbotaarpkksaz","chunk_label":"load-boxplot"}],"doc_write_time":1748700873,"chunk_rendered_width":678}